"incident_id","incident_datetime","incident_date","incident_time","incident_category","incident_subcategory","incident_description","resolution","analysis_neighborhood","latitude","longitude"
"1001","2023-05-12 18:30:00","2023-05-12","18:30","Burglary","Burglary - Residential","A laptop and silver wrist watch were reported stolen from a residence after entry was forced through a rear window.","Open or Active","Tenderloin","37.7835","-122.4145"
"1002","2023-05-14 09:15:00","2023-05-14","09:15","Larceny Theft","Grand Theft - Bicycle","High-end electric bicycle stolen from locked underground parking garage overnight.","Open or Active","Mission","37.7599","-122.4148"
"1003","2023-05-15 21:45:00","2023-05-15","21:45","Robbery","Robbery - Commercial","Suspect entered convenience store demanding cash from register claiming to have a concealed weapon.","Unfounded","South of Market","37.7785","-122.4056"
"1004","2023-05-18 14:20:00","2023-05-18","14:20","Burglary","Burglary - Residential","Apple MacBook Pro and gold jewelry taken from residential apartment during daytime forced window entry.","Open or Active","Tenderloin","37.7842","-122.4138"
"1005","2023-05-20 02:10:00","2023-05-20","02:10","Motor Vehicle Theft","Automobile Theft","2019 Honda Civic stolen from street parking space in front of residential address.","Cite or Arrest","Western Addition","37.7791","-122.4346"
"1006","2023-05-22 16:00:00","2023-05-22","16:00","Vandalism","Malicious Mischief","Storefront window smashed with heavy brick object during evening hours.","Open or Active","Mission","37.7612","-122.4190"
"1007","2023-05-25 11:30:00","2023-05-25","11:30","Financial Crime","Identity Theft","Victim reported unauthorized credit card accounts opened using stolen personally identifiable details.","Open or Active","Financial District","37.7946","-122.4005"
"1008","2023-05-28 20:00:00","2023-05-28","20:00","Burglary","Burglary - Commercial","Tech startup office breached after side door lock defeated; 3 laptops and monitor monitors removed.","Open or Active","South of Market","37.7810","-122.3995"
"1009","2023-06-01 13:45:00","2023-06-01","13:45","Assault","Aggravated Assault","Physical altercation involving a blunt weapon outside transit station resulting in minor injuries.","Cite or Arrest","Tenderloin","37.7818","-122.4112"
"1010","2023-06-03 23:30:00","2023-06-03","23:30","Larceny Theft","Theft From Vehicle","Vehicle window shattered and leather backpack containing laptop computer stolen from back seat.","Open or Active","Fisherman's Wharf","37.8080","-122.4177"
"1011","2023-06-05 17:15:00","2023-06-05","17:15","Burglary","Burglary - Residential","Ground floor apartment window pried open; tablet computer, designer watch, and cash stolen.","Open or Active","Tenderloin","37.7831","-122.4150"
"1012","2023-06-08 08:30:00","2023-06-08","08:30","Larceny Theft","Theft From Vehicle","Passenger side window broken; camera equipment and hard drives removed from vehicle trunk.","Open or Active","North Beach","37.8001","-122.4098"
"1013","2023-06-10 19:10:00","2023-06-10","19:10","Robbery","Robbery - Street","Victim confronted on sidewalk by two individuals who snatched smartphone and wallet.","Open or Active","Mission","37.7580","-122.4182"
"1014","2023-06-12 12:00:00","2023-06-12","12:00","Financial Crime","Wire Fraud","Victim tricked into transferring funds to fraudulent banking account via phishing email spoofing landlord.","Open or Active","Financial District","37.7921","-122.4020"
"1015","2023-06-15 15:40:00","2023-06-15","15:40","Burglary","Burglary - Residential","Residence forced entry while owner was at work; gaming console and laptop missing.","Open or Active","Sunset","37.7533","-122.4812"
